Workbook

Sheet total
A1: وحدة الكشف | B1: ابتدائي | H1: متوسط | L1: ثانوي | O1: مجموع تعداد الوحدة
B2: تحضيري | C2: سنة 1 | D2: سنة 2 | E2: سنة 3 | F2: سنة 4 | G2: سنة 5 | H2: سنة 1 | I2: سنة 2 | J2: سنة 3 | K2: سنة 4 | L2: سنة 1 | M2: سنة 2 | N2: سنة 3
A3: عديلة | B3: =adila!D15 -> 322 | C3: =adila!E15 -> 865 | D3: =adila!F15 -> 1170 | E3: =adila!G15 -> 1024 | F3: =adila!H15 -> 1079 | G3: =adila!I15 -> 943 | H3: =adila!J15 -> 858 | I3: =adila!K15 -> 614 | ... N3: =adila!P15 -> 262 | O3: =SUM(B3:N3) -> 8520
A4: أول نوفمبر | B4: ='1 nov'!D23 -> 484 | C4: ='1 nov'!E23 -> 1025 | D4: ='1 nov'!F23 -> 1199 | E4: ='1 nov'!G23 -> 1038 | F4: ='1 nov'!H23 -> 1165 | G4: ='1 nov'!I23 -> 1098 | H4: ='1 nov'!J23 -> 1746 | I4: ='1 nov'!K23 -> 1360 | ... N4: ='1 nov'!P23 -> 996 | O4: =SUM(B4:N4) -> 14081
A5: النجاح | B5: =nadjah!D26 -> 439 | C5: =nadjah!E26 -> 560 | D5: =nadjah!F26 -> 779 | E5: =nadjah!G26 -> 630 | F5: =nadjah!H26 -> 613 | G5: =nadjah!I26 -> 686 | H5: =nadjah!J26 -> 1137 | I5: =nadjah!K26 -> 947 | ... N5: =nadjah!P26 -> 457 | O5: =SUM(B5:N5) -> 8663
A6: الأمير | B6: ='al amir'!D21 -> 602 | C6: ='al amir'!E21 -> 621 | D6: ='al amir'!F21 -> 734 | E6: ='al amir'!G21 -> 634 | F6: ='al amir'!H21 -> 700 | G6: ='al amir'!I21 -> 708 | H6: ='al amir'!J21 -> 627 | I6: ='al amir'!K21 -> 492 | ... N6: ='al amir'!P21 -> 416 | O6: =SUM(B6:N6) -> 7354
A7: صيلع - القرية | B7: ='sailaa karia'!D11 -> 360 | C7: ='sailaa karia'!E11 -> 947 | D7: ='sailaa karia'!F11 -> 829 | E7: ='sailaa karia'!G11 -> 805 | F7: ='sailaa karia'!H11 -> 1043 | G7: ='sailaa karia'!I11 -> 559 | H7: ='sailaa karia'!J11 -> 515 | I7: ='sailaa karia'!K11 -> 469 | ... N7: ='sailaa karia'!P11 -> 189 | O7: =SUM(B7:N7) -> 6782
A8: طهيري | B8: =tahiri!D20 -> 439 | C8: =tahiri!E20 -> 616 | D8: =tahiri!F20 -> 763 | E8: =tahiri!G20 -> 633 | F8: =tahiri!H20 -> 582 | G8: =tahiri!I20 -> 644 | H8: =tahiri!J20 -> 1267 | I8: =tahiri!K20 -> 1077 | ... N8: =tahiri!P20 -> 554 | O8: =SUM(B8:N8) -> 9775
A9: رقاب - المحطة | B9: ='mahata rggab'!D18 -> 368 | C9: ='mahata rggab'!E18 -> 645 | D9: ='mahata rggab'!F18 -> 724 | E9: ='mahata rggab'!G18 -> 619 | F9: ='mahata rggab'!H18 -> 663 | G9: ='mahata rggab'!I18 -> 608 | H9: ='mahata rggab'!J18 -> 795 | I9: ='mahata rggab'!K18 -> 605 | ... N9: ='mahata rggab'!P18 -> 178 | O9: =SUM(B9:N9) -> 6882
A10: بلحرش | B10: =belahrch!D17 -> 407 | C10: =belahrch!E17 -> 508 | D10: =belahrch!F17 -> 547 | E10: =belahrch!G17 -> 501 | F10: =belahrch!H17 -> 550 | G10: =belahrch!I17 -> 502 | H10: =belahrch!J17 -> 756 | I10: =belahrch!K17 -> 748 | ... N10: =belahrch!P17 -> 785 | O10: =SUM(B10:N10) -> 8111
A11: بكاي | B11: =bakai!D28 -> 932 | C11: =bakai!E28 -> 1212 | D11: =bakai!F28 -> 1435 | E11: =bakai!G28 -> 1314 | F11: =bakai!H28 -> 1499 | G11: =bakai!I28 -> 1267 | H11: =bakai!J28 -> 1266 | I11: =bakai!K28 -> 1212 | ... N11: =bakai!P28 -> 541 | O11: =SUM(B11:N11) -> 14136
A12: بلحواجب | B12: =belhwadjb!D21 -> 317 | C12: =belhwadjb!E21 -> 1128 | D12: =belhwadjb!F21 -> 1271 | E12: =belhwadjb!G21 -> 1358 | F12: =belhwadjb!H21 -> 1207 | G12: =belhwadjb!I21 -> 1147 | H12: =belhwadjb!J21 -> 873 | I12: =belhwadjb!K21 -> 963 | ... N12: =belhwadjb!P21 -> 518 | O12: =SUM(B12:N12) -> 11523
A13: القطب | B13: ='el kotb'!D20 -> 656 | C13: ='el kotb'!E20 -> 1029 | D13: ='el kotb'!F20 -> 1226 | E13: ='el kotb'!G20 -> 1014 | F13: ='el kotb'!H20 -> 1173 | G13: ='el kotb'!I20 -> 1014 | H13: ='el kotb'!J20 -> 1297 | I13: ='el kotb'!K20 -> 1002 | ... N13: ='el kotb'!P20 -> 347 | O13: =SUM(B13:N13) -> 11138
A14: الإدريسية | B14: =idrissia!D26 -> 521 | C14: =idrissia!E26 -> 760 | D14: =idrissia!F26 -> 1120 | E14: =idrissia!G26 -> 968 | F14: =idrissia!H26 -> 1002 | G14: =idrissia!I26 -> 826 | H14: =idrissia!J26 -> 1020 | I14: =idrissia!K26 -> 829 | ... N14: =idrissia!P26 -> 508 | O14: =SUM(B14:N14) -> 9855
A15: الشارف | B15: =charef!D28 -> 408 | C15: =charef!E28 -> 560 | D15: =charef!F28 -> 675 | E15: =charef!G28 -> 599 | F15: =charef!H28 -> 639 | G15: =charef!I28 -> 594 | H15: =charef!J28 -> 673 | I15: =charef!K28 -> 560 | ... N15: =charef!P28 -> 336 | O15: =SUM(B15:N15) -> 6626
A16: القديد | B16: =guedid!D18 -> 197 | C16: =guedid!E18 -> 496 | D16: =guedid!F18 -> 761 | E16: =guedid!G18 -> 628 | F16: =guedid!H18 -> 632 | G16: =guedid!I18 -> 509 | H16: =guedid!J18 -> 606 | I16: =guedid!K18 -> 456 | ... N16: =guedid!P18 -> 170 | O16: =SUM(B16:N16) -> 5693
A17: بن يعقوب | B17: ='ben yaagoub'!D10 -> 0 | C17: ='ben yaagoub'!E10 -> 79 | D17: ='ben yaagoub'!F10 -> 124 | E17: ='ben yaagoub'!G10 -> 119 | F17: ='ben yaagoub'!H10 -> 109 | G17: ='ben yaagoub'!I10 -> 91 | H17: ='ben yaagoub'!J10 -> 116 | I17: ='ben yaagoub'!K10 -> 86 | ... N17: ='ben yaagoub'!P10 -> 57 | O17: =SUM(B17:N17) -> 1013
A18: الدويس | B18: =douis!D10 -> 0 | C18: =douis!E10 -> 207 | D18: =douis!F10 -> 260 | E18: =douis!G10 -> 229 | F18: =douis!H10 -> 237 | G18: =douis!I10 -> 202 | H18: =douis!J10 -> 241 | I18: =douis!K10 -> 174 | ... N18: =douis!P10 -> 81 | O18: =SUM(B18:N18) -> 2089
A19: عين الشهداء | B19: ='ain chouhadda'!D9 -> 0 | C19: ='ain chouhadda'!E9 -> 76 | D19: ='ain chouhadda'!F9 -> 117 | E19: ='ain chouhadda'!G9 -> 83 | F19: ='ain chouhadda'!H9 -> 88 | G19: ='ain chouhadda'!I9 -> 100 | H19: ='ain chouhadda'!J9 -> 87 | I19: ='ain chouhadda'!K9 -> 79 | ... N19: ='ain chouhadda'!P9 -> 0 | O19: =SUM(B19:N19) -> 804
A20: المجموع | B20: =SUM(B3:B19) -> 6452 | C20: =SUM(C3:C19) -> 11334 | D20: =SUM(D3:D19) -> 13734 | E20: =SUM(E3:E19) -> 12196 | F20: =SUM(F3:F19) -> 12981 | G20: =SUM(G3:G19) -> 11498 | H20: =SUM(H3:H19) -> 13880 | I20: =SUM(I3:I19) -> 11673 | ... O20: =SUM(O3:O19) -> 133045

Sheet adila
A1: وحدة الكشف | B1: المؤسسة التعليمية | D1: ابتدائي | J1: متوسط | N1: ثانوي | Q1: مجموع تعداد المؤسسة
D2: تحضيري | E2: سنة 1 | F2: سنة 2 | G2: سنة 3 | H2: سنة 4 | I2: سنة 5 | J2: سنة 1 | K2: سنة 2 | L2: سنة 3 | M2: سنة 4 | N2: سنة 1 | O2: سنة 2 | P2: سنة 3
A3: عديلة | B3: ابتدائية صويلح شويحة | C3: p | D3: 30 | E3: 126 | F3: 249 | G3: 214 | H3: 249 | I3: 187 | Q3: =SUM(D3:P3) -> 1055
B4: ابتدائية المجاهد بن علية على -مج ج شعوة- | C4: p | D4: 30 | E4: 120 | F4: 146 | G4: 119 | H4: 116 | I4: 112 | Q4: =SUM(D4:P4) -> 643
B5: ابتدائية نعاس عبد الحميد | C5: p | D5: 30 | E5: 38 | F5: 74 | G5: 95 | H5: 87 | I5: 62 | Q5: =SUM(D5:P5) -> 386
B6: ابتدائية رقاد المختار( حي بن سعيد ) | C6: p | D6: 30 | E6: 153 | F6: 143 | G6: 112 | H6: 117 | I6: 96 | Q6: =SUM(D6:P6) -> 651
B7: ابتدائية قاسم سليمان حي بن سعيد | C7: p | D7: 35 | E7: 116 | F7: 147 | G7: 143 | H7: 128 | I7: 177 | Q7: =SUM(D7:P7) -> 746
B8: ابتدائية مريزيقة محمد ( المجمع الجديد بن سعيد 02 ) | C8: p | D8: 35 | E8: 146 | F8: 173 | G8: 166 | H8: 190 | I8: 138 | Q8: =SUM(D8:P8) -> 848
B9: ابتدائية الفصحى الجديدة | C9: p | D9: 40 | E9: 83 | F9: 100 | G9: 73 | H9: 92 | I9: 80 | Q9: =SUM(D9:P9) -> 468
B10: ابتدائية الشيهب بلخير | C10: p | D10: 40 | E10: 36 | F10: 74 | G10: 58 | H10: 59 | I10: 51 | Q10: =SUM(D10:P10) -> 318
B11: ابتدائية المجاهد بسيسة محمد -امسكة- | C11: p | D11: 30 | E11: 7 | F11: 10 | G11: 7 | H11: 5 | I11: 7 | Q11: =SUM(D11:P11) -> 66
B12: ابتدائية الناجمة عن تحويل مقر الحرس البلدي النعمي سلطان | C12: p | D12: 22 | E12: 40 | F12: 54 | G12: 37 | H12: 36 | I12: 33 | Q12: =SUM(D12:P12) -> 222
B13: متوسطة المجاهد حساني أسعيد | C13: m | J13: 858 | K13: 614 | L13: 496 | M13: 396 | Q13: =SUM(D13:P13) -> 2364
B14: ثانوية المجاهد عديلة أحمد - الجلفة | C14: s | N14: 240 | O14: 251 | P14: 262 | Q14: =SUM(D14:P14) -> 753
A15: المجموع | D15: =SUM(D3:D14) -> 322 | E15: =SUM(E3:E14) -> 865 | F15: =SUM(F3:F14) -> 1170 | G15: =SUM(G3:G14) -> 1024 | H15: =SUM(H3:H14) -> 1079 | I15: =SUM(I3:I14) -> 943 | J15: =SUM(J3:J14) -> 858 | K15: =SUM(K3:K14) -> 614 | ... Q15: =SUM(Q3:Q14) -> 8520

Sheet 1 nov
A1: وحدة الكشف | B1: المؤسسة التعليمية | D1: ابتدائي | J1: متوسط | N1: ثانوي | Q1: مجموع تعداد المؤسسة
D2: تحضيري | E2: سنة 1 | F2: سنة 2 | G2: سنة 3 | H2: سنة 4 | I2: سنة 5 | J2: سنة 1 | K2: سنة 2 | L2: سنة 3 | M2: سنة 4 | N2: سنة 1 | O2: سنة 2 | P2: سنة 3
A3: 1 نوفمبر | B3: ابتدائية الشهيد بلعطرة قويدر | C3: p | D3: 45 | E3: 121 | F3: 139 | G3: 94 | H3: 101 | I3: 108 | Q3: =SUM(D3:P3) -> 608
B4: ابتدائية جقبوب بن حواش | C4: p | D4: 50 | E4: 117 | F4: 133 | G4: 121 | H4: 121 | I4: 117 | Q4: =SUM(D4:P4) -> 659
B5: ابتدائية الهاني محمد بن الهادي | C5: p | D5: 33 | E5: 69 | F5: 58 | G5: 56 | H5: 66 | I5: 52 | Q5: =SUM(D5:P5) -> 334
B6: ابتدائية الشهيد شتوح عمر (حي بوخالفة الجديدة) | C6: p | D6: 45 | E6: 57 | F6: 93 | G6: 96 | H6: 112 | I6: 104 | Q6: =SUM(D6:P6) -> 507
B7: ابتدائية المجاهد قاضى نعاس -الهدى- | C7: p | D7: 33 | E7: 115 | F7: 134 | G7: 128 | H7: 136 | I7: 123 | Q7: =SUM(D7:P7) -> 669
B8: ابتدائية حسان عبد القادر | C8: p | D8: 35 | E8: 125 | F8: 149 | G8: 112 | H8: 132 | I8: 128 | Q8: =SUM(D8:P8) -> 681
B9: ابتدائية ونوقي أحمد | C9: p | D9: 29 | E9: 51 | F9: 71 | G9: 46 | H9: 65 | I9: 76 | Q9: =SUM(D9:P9) -> 338
B10: ابتدائية بن عمران ثامر | C10: p | D10: 55 | E10: 82 | F10: 117 | G10: 112 | H10: 107 | I10: 110 | Q10: =SUM(D10:P10) -> 583
B11: ابتدائية بوزكري محمد | C11: p | D11: 56 | E11: 98 | F11: 95 | G11: 90 | H11: 113 | I11: 119 | Q11: =SUM(D11:P11) -> 571
B12: ابتدائية جواف على (حي بوخالفة القديمة) | C12: p | D12: 50 | E12: 142 | F12: 149 | G12: 127 | H12: 161 | I12: 117 | Q12: =SUM(D12:P12) -> 746
B13: ابتدائية نمط د1 حي العمراوي تواتي محمد | C13: p | D13: 53 | E13: 48 | F13: 61 | G13: 56 | H13: 51 | I13: 44 | Q13: =SUM(D13:P13) -> 313
B14: متوسطة المجاهد بجقينة علي | C14: m | J14: 272 | K14: 255 | L14: 243 | M14: 259 | Q14: =SUM(D14:P14) -> 1029
B15: متوسطة المجاهد لزهاري بن شهرة | C15: m | J15: 424 | K15: 245 | L15: 184 | M15: 203 | Q15: =SUM(D15:P15) -> 1056
B16: متوسطة مقواس بلقاسم | C16: m | J16: 261 | K16: 198 | L16: 206 | M16: 223 | Q16: =SUM(D16:P16) -> 888
B17: متوسطة الإمام حاشي معمر | C17: m | J17: 135 | K17: 84 | L17: 95 | M17: 135 | Q17: =SUM(D17:P17) -> 449
B18: متوسطة المجاهد لطرش محمد | C18: m | J18: 342 | K18: 292 | L18: 195 | M18: 95 | Q18: =SUM(D18:P18) -> 924
B19: متوسطة 18 فبراير | C19: m | J19: 312 | K19: 286 | L19: 175 | M19: 231 | Q19: =SUM(D19:P19) -> 1004
B20: ثانوية أول نوفمبر - الجلفة | C20: s | N20: 231 | O20: 247 | P20: 330 | Q20: =SUM(D20:P20) -> 808
B21: ثانوية سي شريف بلحرش المتشعبة - الجلفة | C21: s | N21: 350 | O21: 355 | P21: 436 | Q21: =SUM(D21:P21) -> 1141
B22: ثانوية المجاهد عمور عبد القادر - الجلفة | C22: s | N22: 292 | O22: 251 | P22: 230 | Q22: =SUM(D22:P22) -> 773
A23: المجموع | D23: =SUM(D3:D22) -> 484 | E23: =SUM(E3:E22) -> 1025 | F23: =SUM(F3:F22) -> 1199 | G23: =SUM(G3:G22) -> 1038 | H23: =SUM(H3:H22) -> 1165 | I23: =SUM(I3:I22) -> 1098 | J23: =SUM(J3:J22) -> 1746 | K23: =SUM(K3:K22) -> 1360 | ... P23: =SUM(P3:P22) -> 996 | Q23: =SUM(D23:P23) -> 14081

Sheet nadjah
A1: وحدة الكشف | B1: المؤسسة التعليمية | D1: ابتدائي | J1: متوسط | N1: ثانوي | Q1: مجموع تعداد المؤسسة
D2: تحضيري | E2: سنة 1 | F2: سنة 2 | G2: سنة 3 | H2: سنة 4 | I2: سنة 5 | J2: سنة 1 | K2: سنة 2 | L2: سنة 3 | M2: سنة 4 | N2: سنة 1 | O2: سنة 2 | P2: سنة 3
A3: النجاح | B3: ابتدائية دريس عيسى ( ع اسرار القديمة) | C3: p | D3: 32 | E3: 49 | F3: 56 | G3: 49 | H3: 39 | I3: 47 | Q3: =SUM(D3:P3) -> 272
B4: ابتدائية غربي بن عبد الله | C4: p | D4: 29 | E4: 53 | F4: 81 | G4: 64 | H4: 54 | I4: 60 | Q4: =SUM(D4:P4) -> 341
B5: ابتدائية قوريدة أحمد | C5: p | D5: 35 | E5: 55 | F5: 101 | G5: 77 | H5: 73 | I5: 89 | Q5: =SUM(D5:P5) -> 430
B6: ابتدائية الكرالطاهر | C6: p | D6: 25 | E6: 43 | F6: 48 | G6: 54 | H6: 32 | I6: 43 | Q6: =SUM(D6:P6) -> 245
B7: ابتدائية جعيد عمر | C7: p | D7: 22 | E7: 50 | F7: 59 | G7: 38 | H7: 42 | I7: 51 | Q7: =SUM(D7:P7) -> 262
B8: ابتدائية الشهيد خدومة سعد -الرائد عمر ادريس- | C8: p | D8: 27 | E8: 29 | F8: 44 | G8: 39 | H8: 49 | I8: 43 | Q8: =SUM(D8:P8) -> 231
B9: ابتدائية الشهيد جريبيع سعد بن الميلود -عيسى القايد- | C9: p | D9: 28 | E9: 64 | F9: 64 | G9: 49 | H9: 48 | I9: 52 | Q9: =SUM(D9:P9) -> 305
B10: ابتدائية الشهيد الصيلع بلخير | C10: p | D10: 33 | E10: 51 | F10: 80 | G10: 54 | H10: 69 | I10: 69 | Q10: =SUM(D10:P10) -> 356
B11: ابتدائية بن حليمة محمد | C11: p | D11: 32 | E11: 36 | F11: 58 | G11: 55 | H11: 49 | I11: 44 | Q11: =SUM(D11:P11) -> 274
B12: ابتدائية بورزق أحمد بن الشاوي (عين اسمارة) | C12: p | D12: 20 | F12: 1 | H12: 1 | I12: 1 | Q12: =SUM(D12:P12) -> 23
B13: ابتدائية سلماني أحمد عين الزينة | C13: p | D13: 32 | E13: 20 | F13: 44 | G13: 36 | H13: 41 | I13: 43 | Q13: =SUM(D13:P13) -> 216
B14: ابتدائية بورزق بوبكر برنادة قرب الدرك | C14: p | D14: 31 | E14: 31 | F14: 42 | G14: 49 | H14: 51 | I14: 47 | Q14: =SUM(D14:P14) -> 251
B15: ابتدائية المجاهد بوزكري الحاج (النقازية) | C15: p | D15: 30 | F15: 1 | G15: 2 | H15: 1 | I15: 3 | Q15: =SUM(D15:P15) -> 37
B16: ابتدائية الشهيد طيبي غربي -ابتدائية الشيخ النعاس- | C16: p | D16: 30 | E16: 42 | F16: 35 | G16: 30 | H16: 27 | I16: 32 | Q16: =SUM(D16:P16) -> 196
B17: ابتدائية المجاهد بوعبدلي مصطفي بن يحي | C17: p | D17: 33 | E17: 37 | F17: 65 | G17: 34 | H17: 37 | I17: 62 | Q17: =SUM(D17:P17) -> 268
B18: متوسطة الرايس محمد | C18: m | J18: 150 | K18: 83 | L18: 101 | M18: 80 | Q18: =SUM(D18:P18) -> 414
B19: متوسطة التلي بلكحل | C19: m | J19: 111 | K19: 113 | L19: 92 | M19: 120 | Q19: =SUM(D19:P19) -> 436
B20: متوسطة بسطامي شويحة | C20: m | J20: 185 | K20: 156 | L20: 136 | M20: 111 | Q20: =SUM(D20:P20) -> 588
B21: متوسطة الشهيد زرنوح محمد | C21: m | J21: 242 | K21: 209 | L21: 169 | M21: 129 | Q21: =SUM(D21:P21) -> 749
B22: متوسطة رويني لخضر | C22: m | J22: 220 | K22: 198 | L22: 185 | M22: 93 | Q22: =SUM(D22:P22) -> 696
B23: متوسطة 11ديسمبر1960 | C23: m | J23: 229 | K23: 188 | L23: 156 | M23: 122 | Q23: =SUM(D23:P23) -> 695
B24: ثانوية الشهيد الرائد بن سليمان محمد بن العربي (النجاح) - الجلفة | C24: s | N24: 289 | O24: 212 | P24: 227 | Q24: =SUM(D24:P24) -> 728
B25: ثانوية لغريسي عبد العالي - الجلفة | C25: s | N25: 223 | O25: 197 | P25: 230 | Q25: =SUM(D25:P25) -> 650
A26: المجموع | D26: =SUM(D3:D25) -> 439 | E26: =SUM(E3:E25) -> 560 | F26: =SUM(F3:F25) -> 779 | G26: =SUM(G3:G25) -> 630 | H26: =SUM(H3:H25) -> 613 | I26: =SUM(I3:I25) -> 686 | J26: =SUM(J3:J25) -> 1137 | K26: =SUM(K3:K25) -> 947 | ... Q26: =SUM(Q3:Q25) -> 8663

Sheet al amir
A1: وحدة الكشف | B1: المؤسسة التعليمية | D1: ابتدائي | J1: متوسط | N1: ثانوي | Q1: مجموع تعداد المؤسسة
D2: تحضيري | E2: سنة 1 | F2: سنة 2 | G2: سنة 3 | H2: سنة 4 | I2: سنة 5 | J2: سنة 1 | K2: سنة 2 | L2: سنة 3 | M2: سنة 4 | N2: سنة 1 | O2: سنة 2 | P2: سنة 3
A3: الأمير عبد القادر | B3: ابتدائية المركزية | C3: p | D3: 45 | E3: 56 | F3: 56 | G3: 56 | H3: 63 | I3: 52 | Q3: =SUM(D3:P3) -> 328
B4: ابتدائية فيلالي البشير | C4: p | D4: 50 | E4: 101 | F4: 108 | G4: 85 | H4: 99 | I4: 112 | Q4: =SUM(D4:P4) -> 555
B5: ابتدائية الشهيد بن الباز عبد الرحمان -بلحرش البشير- | C5: p | D5: 43 | E5: 17 | F5: 21 | G5: 19 | H5: 19 | I5: 27 | Q5: =SUM(D5:P5) -> 146
B6: ابتدائية مسعودي محمد | C6: p | D6: 39 | E6: 30 | F6: 56 | G6: 42 | H6: 53 | I6: 31 | Q6: =SUM(D6:P6) -> 251
B7: ابتدائية المجاهد حساني عبد الله - الأمل - | C7: p | D7: 56 | E7: 19 | F7: 28 | G7: 32 | H7: 28 | I7: 27 | Q7: =SUM(D7:P7) -> 190
B8: ابتدائية حنيشي محمد الشمالية | C8: p | D8: 40 | E8: 73 | F8: 85 | G8: 76 | H8: 87 | I8: 93 | Q8: =SUM(D8:P8) -> 454
B9: ابتدائية حنيشي محمد الجنوبية | C9: p | D9: 43 | E9: 72 | F9: 74 | G9: 46 | H9: 61 | I9: 71 | Q9: =SUM(D9:P9) -> 367
B10: ابتدائية لباز مصطفى | C10: p | D10: 47 | E10: 47 | F10: 47 | G10: 46 | H10: 46 | I10: 42 | Q10: =SUM(D10:P10) -> 275
B11: ابتدائية شلالي يوسف | C11: p | D11: 46 | E11: 30 | F11: 41 | G11: 51 | H11: 41 | I11: 58 | Q11: =SUM(D11:P11) -> 267
B12: ابتدائية علاوة يحيى | C12: p | D12: 50 | E12: 79 | F12: 91 | G12: 85 | H12: 88 | I12: 77 | Q12: =SUM(D12:P12) -> 470
B13: ابتدائية ريكي مصطفى كمال -النور- | C13: p | D13: 42 | E13: 59 | F13: 72 | G13: 53 | H13: 64 | I13: 81 | Q13: =SUM(D13:P13) -> 371
B14: ابتدائية لقرادة بلقاسم | C14: p | D14: 46 | E14: 24 | F14: 32 | G14: 28 | H14: 27 | I14: 20 | Q14: =SUM(D14:P14) -> 177
B15: ابتدائية المجاهد مقواس عمر - الفتح - | C15: p | D15: 55 | E15: 14 | F15: 23 | G15: 15 | H15: 24 | I15: 17 | Q15: =SUM(D15:P15) -> 148
B16: متوسطة الأمير خالد | C16: m | J16: 191 | K16: 82 | L16: 111 | M16: 129 | Q16: =SUM(D16:P16) -> 513
B17: متوسطة الامير عبد القادر | C17: m | J17: 124 | K17: 116 | L17: 139 | M17: 176 | Q17: =SUM(D17:P17) -> 555
B18: متوسطة فضيلي عبد القادر | C18: m | J18: 128 | K18: 116 | L18: 98 | M18: 85 | Q18: =SUM(D18:P18) -> 427
B19: متوسطة الإمام البخاري | C19: m | J19: 184 | K19: 178 | L19: 174 | M19: 171 | Q19: =SUM(D19:P19) -> 707
B20: ثانوية الشيخ نعيم النعيمي - الجلفة | C20: s | N20: 371 | O20: 366 | P20: 416 | Q20: =SUM(D20:P20) -> 1153
A21: المجموع | D21: =SUM(D3:D20) -> 602 | E21: =SUM(E3:E20) -> 621 | F21: =SUM(F3:F20) -> 734 | G21: =SUM(G3:G20) -> 634 | H21: =SUM(H3:H20) -> 700 | I21: =SUM(I3:I20) -> 708 | J21: =SUM(J3:J20) -> 627 | K21: =SUM(K3:K20) -> 492 | ... Q21: =SUM(Q3:Q20) -> 7354

Sheet sailaa karia
A1: وحدة الكشف | B1: المؤسسة التعليمية | D1: ابتدائي | J1: متوسط | N1: ثانوي | Q1: مجموع تعداد المؤسسة
D2: تحضيري | E2: سنة 1 | F2: سنة 2 | G2: سنة 3 | H2: سنة 4 | I2: سنة 5 | J2: سنة 1 | K2: سنة 2 | L2: سنة 3 | M2: سنة 4 | N2: سنة 1 | O2: سنة 2 | P2: سنة 3
A3: صيلع مبروك - القرية | B3: ابتدائية الشهيد لخنش عطية | C3: p | D3: 60 | E3: 244 | F3: 177 | G3: 191 | H3: 293 | I3: 113 | Q3: =SUM(D3:P3) -> 1078
B4: ابتدائية بن حاج تواتي ( هواري بومدين ) | C4: p | D4: 65 | E4: 151 | F4: 74 | G4: 52 | H4: 69 | I4: 61 | Q4: =SUM(D4:P4) -> 472
B5: ابتدائية شربول محمد ( قرية أولاد عبيد الله سابقا) | C5: p | D5: 60 | E5: 73 | F5: 123 | G5: 132 | H5: 205 | I5: 88 | Q5: =SUM(D5:P5) -> 681
B6: ابتدائية أوباح مدني-الزهور- | C6: p | D6: 63 | E6: 269 | F6: 223 | G6: 235 | H6: 277 | I6: 156 | Q6: =SUM(D6:P6) -> 1223
B7: ابتدائية روابح بلعباس ( أولاد عبيد الله سابقاً ) | C7: p | D7: 66 | E7: 177 | F7: 198 | G7: 166 | H7: 167 | I7: 125 | Q7: =SUM(D7:P7) -> 899
B8: ابتدائية قرية بن نيلي | C8: p | D8: 46 | E8: 33 | F8: 34 | G8: 29 | H8: 32 | I8: 16 | Q8: =SUM(D8:P8) -> 190
B9: متوسطة المجاهد لخنش مصطفى | C9: m | J9: 515 | K9: 469 | L9: 412 | M9: 348 | Q9: =SUM(D9:P9) -> 1744
B10: ثانوية صيلع مبروك - الجلفة | C10: s | N10: 155 | O10: 151 | P10: 189 | Q10: =SUM(D10:P10) -> 495
A11: المجموع | D11: =SUM(D3:D10) -> 360 | E11: =SUM(E3:E10) -> 947 | F11: =SUM(F3:F10) -> 829 | G11: =SUM(G3:G10) -> 805 | H11: =SUM(H3:H10) -> 1043 | I11: =SUM(I3:I10) -> 559 | J11: =SUM(J3:J10) -> 515 | K11: =SUM(K3:K10) -> 469 | ... Q11: =SUM(Q3:Q10) -> 6782

Sheet tahiri
A1: وحدة الكشف | B1: المؤسسة التعليمية | D1: ابتدائي | J1: متوسط | N1: ثانوي | Q1: مجموع تعداد المؤسسة
D2: تحضيري | E2: سنة 1 | F2: سنة 2 | G2: سنة 3 | H2: سنة 4 | I2: سنة 5 | J2: سنة 1 | K2: سنة 2 | L2: سنة 3 | M2: سنة 4 | N2: سنة 1 | O2: سنة 2 | P2: سنة 3
A3: طهيري | B3: ابتدائية بن عيسى عبد العزيز | C3: p | D3: 35 | E3: 102 | F3: 101 | G3: 91 | H3: 83 | I3: 97 | Q3: =SUM(D3:P3) -> 509
B4: ابتدائية برمان رابح ( شونان محمد ) | C4: p | D4: 45 | E4: 62 | F4: 58 | G4: 38 | H4: 53 | I4: 52 | Q4: =SUM(D4:P4) -> 308
B5: ابتدائية الشيخ أحمد بن علي | C5: p | D5: 40 | E5: 40 | F5: 48 | G5: 43 | H5: 43 | I5: 44 | Q5: =SUM(D5:P5) -> 258
B6: ابتدائية بوزكري كاكي | C6: p | D6: 50 | E6: 46 | F6: 35 | G6: 52 | H6: 45 | I6: 43 | Q6: =SUM(D6:P6) -> 271
B7: ابتدائية جواف محمد (اول نوفمبر 54) | C7: p | D7: 30 | E7: 50 | F7: 55 | G7: 44 | H7: 39 | I7: 46 | Q7: =SUM(D7:P7) -> 264
B8: ابتدائية بوزيدي الطاهر | C8: p | D8: 32 | E8: 55 | F8: 54 | G8: 39 | H8: 41 | I8: 44 | Q8: =SUM(D8:P8) -> 265
B9: ابتدائية المجمع الجديد حي بقوقة | C9: p | D9: 43 | E9: 31 | F9: 52 | G9: 40 | H9: 42 | I9: 31 | Q9: =SUM(D9:P9) -> 239
B10: ابتدائية الشهيد بريك محمد صغير | C10: p | D10: 41 | E10: 63 | F10: 76 | G10: 63 | H10: 71 | I10: 86 | Q10: =SUM(D10:P10) -> 400
B11: ابتدائية بن ساعد إلهام | C11: p | D11: 43 | E11: 83 | F11: 125 | G11: 86 | H11: 88 | I11: 108 | Q11: =SUM(D11:P11) -> 533
B12: ابتدائية المجاهد قشام الميلود | C12: p | D12: 40 | E12: 51 | F12: 53 | G12: 31 | H12: 24 | I12: 21 | Q12: =SUM(D12:P12) -> 220
B13: ابتدائية المجاهد بن موفق عبد القادر بن محمد (حي بنات بلكحل) | C13: p | D13: 40 | E13: 33 | F13: 106 | G13: 106 | H13: 53 | I13: 72 | Q13: =SUM(D13:P13) -> 410
B14: متوسطة محمد العربي بعرير | C14: m | J14: 224 | K14: 223 | L14: 182 | M14: 227 | Q14: =SUM(D14:P14) -> 856
B15: متوسطة الشهيد جقال بايزيد | C15: m | J15: 256 | K15: 237 | L15: 172 | M15: 189 | Q15: =SUM(D15:P15) -> 854
B16: متوسطة الشهيد بوزيدي مسعود | C16: m | J16: 460 | K16: 297 | L16: 279 | M16: 190 | Q16: =SUM(D16:P16) -> 1226
B17: متوسطة المجاهد طعبة خيرة | C17: m | J17: 327 | K17: 320 | L17: 327 | M17: 471 | Q17: =SUM(D17:P17) -> 1445
B18: ثانوية طهيري عبد الرحمان - الجلفة | C18: s | N18: 301 | O18: 290 | P18: 303 | Q18: =SUM(D18:P18) -> 894
B19: ثانوية الشهيد بن ضيف الحفناوي - الجلفة | C19: s | N19: 300 | O19: 272 | P19: 251 | Q19: =SUM(D19:P19) -> 823
A20: المجموع | D20: =SUM(D3:D19) -> 439 | E20: =SUM(E3:E19) -> 616 | F20: =SUM(F3:F19) -> 763 | G20: =SUM(G3:G19) -> 633 | H20: =SUM(H3:H19) -> 582 | I20: =SUM(I3:I19) -> 644 | J20: =SUM(J3:J19) -> 1267 | K20: =SUM(K3:K19) -> 1077 | ... Q20: =SUM(Q3:Q19) -> 9775

Sheet mahata rggab
A1: وحدة الكشف | B1: المؤسسة التعليمية | D1: ابتدائي | J1: متوسط | N1: ثانوي | Q1: مجموع تعداد المؤسسة
D2: تحضيري | E2: سنة 1 | F2: سنة 2 | G2: سنة 3 | H2: سنة 4 | I2: سنة 5 | J2: سنة 1 | K2: سنة 2 | L2: سنة 3 | M2: سنة 4 | N2: سنة 1 | O2: سنة 2 | P2: سنة 3
A3: رقاب | B3: ابتدائية عزوز مسعود | C3: p | D3: 36 | E3: 38 | F3: 59 | G3: 42 | H3: 53 | I3: 57 | Q3: =SUM(D3:P3) -> 285
B4: ابتدائية الشيخ احمد محفوظى | C4: p | D4: 30 | E4: 40 | F4: 37 | G4: 45 | H4: 57 | I4: 45 | Q4: =SUM(D4:P4) -> 254
B5: ابتدائية الشهيد خضرون مزوز | C5: p | D5: 33 | E5: 44 | F5: 42 | G5: 46 | H5: 48 | I5: 36 | Q5: =SUM(D5:P5) -> 249
B6: ابتدائية أحمد حمدون | C6: p | D6: 35 | E6: 56 | F6: 66 | G6: 53 | H6: 59 | I6: 47 | Q6: =SUM(D6:P6) -> 316
B7: ابتدائية حميدي عامر | C7: p | D7: 26 | E7: 57 | F7: 58 | G7: 46 | H7: 50 | I7: 61 | Q7: =SUM(D7:P7) -> 298
B8: ابتدائية المجاهد عرابي عطية -عين الشيح الجديدة- | C8: p | D8: 36 | E8: 18 | F8: 33 | G8: 21 | H8: 27 | I8: 19 | Q8: =SUM(D8:P8) -> 154
B9: ابتدائية دروازي بن فايد | C9: p | D9: 33 | E9: 36 | F9: 65 | G9: 59 | H9: 55 | I9: 47 | Q9: =SUM(D9:P9) -> 295
B10: ابتدائية قول علي | C10: p | D10: 44 | E10: 39 | F10: 62 | G10: 44 | H10: 62 | I10: 42 | Q10: =SUM(D10:P10) -> 293
B11: ابتدائية حاجي سعد بالجلفة | C11: p | D11: 33 | E11: 234 | F11: 198 | G11: 190 | H11: 159 | I11: 158 | Q11: =SUM(D11:P11) -> 972
B12: ابتدائية 17اكتوبر1961 | C12: p | D12: 32 | E12: 47 | F12: 68 | G12: 33 | H12: 43 | I12: 49 | Q12: =SUM(D12:P12) -> 272
B13: ابتدائية شيبوط بلعباس | C13: p | D13: 30 | E13: 36 | F13: 36 | G13: 40 | H13: 50 | I13: 47 | Q13: =SUM(D13:P13) -> 239
B14: متوسطة الشهيد رقاب قويدر | C14: m | J14: 252 | K14: 238 | L14: 188 | M14: 210 | Q14: =SUM(D14:P14) -> 888
B15: متوسطة بن عياد بن عياد | C15: m | J15: 406 | K15: 240 | L15: 239 | M15: 339 | Q15: =SUM(D15:P15) -> 1224
B16: متوسطة علي الياقوت | C16: m | J16: 137 | K16: 127 | L16: 169 | M16: 173 | Q16: =SUM(D16:P16) -> 606
B17: ثانوية كيحل بن شهرة - الجلفة | C17: s | N17: 216 | O17: 143 | P17: 178 | Q17: =SUM(D17:P17) -> 537
A18: المجموع | D18: =SUM(D3:D17) -> 368 | E18: =SUM(E3:E17) -> 645 | F18: =SUM(F3:F17) -> 724 | G18: =SUM(G3:G17) -> 619 | H18: =SUM(H3:H17) -> 663 | I18: =SUM(I3:I17) -> 608 | J18: =SUM(J3:J17) -> 795 | K18: =SUM(K3:K17) -> 605 | ... Q18: =SUM(Q3:Q17) -> 6882

Sheet belahrch
A1: وحدة الكشف | B1: المؤسسة التعليمية | D1: ابتدائي | J1: متوسط | N1: ثانوي | Q1: مجموع تعداد المؤسسة
D2: تحضيري | E2: سنة 1 | F2: سنة 2 | G2: سنة 3 | H2: سنة 4 | I2: سنة 5 | J2: سنة 1 | K2: سنة 2 | L2: سنة 3 | M2: سنة 4 | N2: سنة 1 | O2: سنة 2 | P2: سنة 3
A3: بلحرش | B3: ابتدائية بلاحي محمد | C3: p | D3: 58 | E3: 105 | F3: 118 | G3: 110 | H3: 129 | I3: 101 | Q3: =SUM(D3:P3) -> 621
B4: ابتدائية السعدي بلقاسم | C4: p | D4: 66 | E4: 104 | F4: 69 | G4: 59 | H4: 75 | I4: 60 | Q4: =SUM(D4:P4) -> 433
B5: ابتدائية الشهيد زيتوني بلخير (عبيكشي السعيد سابقا) | C5: p | D5: 57 | E5: 31 | F5: 29 | G5: 27 | H5: 28 | I5: 24 | Q5: =SUM(D5:P5) -> 196
B6: ابتدائية بالي العيد | C6: p | D6: 62 | E6: 48 | F6: 63 | G6: 62 | H6: 48 | I6: 56 | Q6: =SUM(D6:P6) -> 339
B7: ابتدائية بلعربي عبد الباقي | C7: p | D7: 58 | E7: 78 | F7: 103 | G7: 73 | H7: 96 | I7: 83 | Q7: =SUM(D7:P7) -> 491
B8: ابتدائية الإمام بن ربيح | C8: p | D8: 57 | E8: 79 | F8: 81 | G8: 87 | H8: 95 | I8: 96 | Q8: =SUM(D8:P8) -> 495
B9: ابتدائية كاس محمد | C9: p | D9: 49 | E9: 63 | F9: 84 | G9: 83 | H9: 79 | I9: 82 | Q9: =SUM(D9:P9) -> 440
B10: متوسطة الشهيد حمو محمد | C10: m | J10: 163 | K10: 145 | L10: 160 | M10: 153 | Q10: =SUM(D10:P10) -> 621
B11: متوسطة جقبوب محمد | C11: m | J11: 161 | K11: 171 | L11: 179 | M11: 167 | Q11: =SUM(D11:P11) -> 678
B12: متوسطة حاشي بلقاسم | C12: m | J12: 198 | K12: 209 | L12: 148 | M12: 171 | Q12: =SUM(D12:P12) -> 726
B13: متوسطة بوبكراوي المختار | C13: m | J13: 234 | K13: 223 | L13: 229 | M13: 232 | Q13: =SUM(D13:P13) -> 918
B14: ثانوية عبد الحق بن حمودة - الجلفة | C14: s | N14: 179 | O14: 211 | P14: 244 | Q14: =SUM(D14:P14) -> 634
B15: ثانوية ابن الاحرش السعيد - الجلفة | C15: s | N15: 337 | O15: 256 | P15: 321 | Q15: =SUM(D15:P15) -> 914
B16: ثانوية المجاهد مسعودي عطية - الجلفة | C16: s | N16: 192 | O16: 193 | P16: 220 | Q16: =SUM(D16:P16) -> 605
A17: المجموع | D17: =SUM(D3:D16) -> 407 | E17: =SUM(E3:E16) -> 508 | F17: =SUM(F3:F16) -> 547 | G17: =SUM(G3:G16) -> 501 | H17: =SUM(H3:H16) -> 550 | I17: =SUM(I3:I16) -> 502 | J17: =SUM(J3:J16) -> 756 | K17: =SUM(K3:K16) -> 748 | ... Q17: =SUM(Q3:Q16) -> 8111

Sheet bakai
A1: وحدة الكشف | B1: المؤسسة التعليمية | D1: ابتدائي | J1: متوسط | N1: ثانوي | Q1: مجموع تعداد المؤسسة
D2: تحضيري | E2: سنة 1 | F2: سنة 2 | G2: سنة 3 | H2: سنة 4 | I2: سنة 5 | J2: سنة 1 | K2: سنة 2 | L2: سنة 3 | M2: سنة 4 | N2: سنة 1 | O2: سنة 2 | P2: سنة 3
A3: بكاي مسعودة | B3: ابتدائية المجاهد بطاش النعاس | C3: p | D3: 60 | E3: 102 | F3: 131 | G3: 101 | H3: 194 | I3: 110 | Q3: =SUM(D3:P3) -> 698
B4: ابتدائية حرزلي محمد -الجديدة بحي البناء الذاتي- | C4: p | D4: 62 | E4: 110 | F4: 99 | G4: 77 | H4: 128 | I4: 96 | Q4: =SUM(D4:P4) -> 572
B5: ابتدائية بورقدة أحمد | C5: p | D5: 63 | E5: 102 | F5: 68 | G5: 75 | H5: 93 | I5: 76 | Q5: =SUM(D5:P5) -> 477
B6: ابتدائية محفوظي عمر | C6: p | D6: 61 | E6: 88 | F6: 107 | G6: 123 | H6: 125 | I6: 102 | Q6: =SUM(D6:P6) -> 606
B7: ابتدائية ميلود القايد | C7: p | D7: 66 | E7: 67 | F7: 87 | G7: 98 | H7: 99 | I7: 91 | Q7: =SUM(D7:P7) -> 508
B8: ابتدائية بلعطرة مختار | C8: p | D8: 55 | E8: 78 | F8: 117 | G8: 88 | H8: 101 | I8: 93 | Q8: =SUM(D8:P8) -> 532
B9: ابتدائية حرفوش عبد القادر | C9: p | D9: 67 | E9: 62 | F9: 50 | G9: 68 | H9: 58 | I9: 67 | Q9: =SUM(D9:P9) -> 372
B10: ابتدائية 20اوت 1956 | C10: p | D10: 55 | E10: 80 | F10: 95 | G10: 98 | H10: 87 | I10: 81 | Q10: =SUM(D10:P10) -> 496
B11: ابتدائية الشهيد بوزيدي زكراوي -مج ج ع اسرار 1- | C11: p | D11: 52 | E11: 46 | F11: 62 | G11: 57 | H11: 71 | I11: 43 | Q11: =SUM(D11:P11) -> 331
B12: ابتدائية العقون مصطفى ( المجمع الجديد طريق بحرارة) | C12: p | D12: 60 | E12: 81 | F12: 87 | G12: 70 | H12: 88 | I12: 58 | Q12: =SUM(D12:P12) -> 444
B13: ابتدائية دروازي الشامخ 1 | C13: p | D13: 63 | E13: 47 | F13: 69 | G13: 36 | H13: 59 | I13: 44 | Q13: =SUM(D13:P13) -> 318
B14: ابتدائية المجاهد تفريج محمد -دروازي الشامخ (2)- | C14: p | D14: 50 | E14: 38 | F14: 56 | G14: 53 | H14: 62 | I14: 50 | Q14: =SUM(D14:P14) -> 309
B15: ابتدائية الشهيد حفاف يحيى | C15: p | D15: 47 | E15: 56 | F15: 70 | G15: 64 | H15: 64 | I15: 48 | Q15: =SUM(D15:P15) -> 349
... B18: ابتدائية عبيدي ربيح -فوج 4- | C18: p | D18: 59 | E18: 95 | F18: 110 | G18: 115 | H18: 98 | I18: 98 | Q18: =SUM(D18:P18) -> 575
B19: متوسطة الشهيد دحماني دحمان | C19: m | J19: 261 | K19: 197 | L19: 205 | M19: 232 | Q19: =SUM(D19:P19) -> 895
B20: متوسطة المجاهد علي قوجيل | C20: m | J20: 116 | K20: 257 | L20: 259 | M20: 135 | Q20: =SUM(D20:P20) -> 767
B21: متوسطة بكاي مسعودة | C21: m | J21: 121 | K21: 195 | L21: 201 | M21: 141 | Q21: =SUM(D21:P21) -> 658
B22: متوسطة (الفتح ) الشهيد مهدي البشير | C22: m | J22: 278 | K22: 209 | L22: 222 | M22: 147 | Q22: =SUM(D22:P22) -> 856
B23: متوسطة بقة مصطفى | C23: m | J23: 219 | K23: 118 | L23: 117 | M23: 93 | Q23: =SUM(D23:P23) -> 547
B24: متوسطة المجاهد بن سليمان محمد | C24: m | J24: 271 | K24: 236 | L24: 219 | M24: 162 | Q24: =SUM(D24:P24) -> 888
B25: ثانوية الشهيد نواري بلقاسم (عين السرار الجديدة) - الجلفة | C25: s | N25: 201 | O25: 196 | P25: 168 | Q25: =SUM(D25:P25) -> 565
B26: ثانوية عريوة عمر - الجلفة | C26: s | N26: 205 | O26: 255 | P26: 226 | Q26: =SUM(D26:P26) -> 686
B27: ثانوية صديقي النوري - الجلفة | C27: s | N27: 321 | O27: 147 | P27: 147 | Q27: =SUM(D27:P27) -> 615
A28: المجموع | D28: =SUM(D3:D27) -> 932 | E28: =SUM(E3:E27) -> 1212 | F28: =SUM(F3:F27) -> 1435 | G28: =SUM(G3:G27) -> 1314 | H28: =SUM(H3:H27) -> 1499 | I28: =SUM(I3:I27) -> 1267 | J28: =SUM(J3:J27) -> 1266 | K28: =SUM(K3:K27) -> 1212 | ... Q28: =SUM(Q3:Q27) -> 14136

Sheet belhwadjb
A1: وحدة الكشف | B1: المؤسسة التعليمية | D1: ابتدائي | J1: متوسط | N1: ثانوي | Q1: مجموع تعداد المؤسسة
D2: تحضيري | E2: سنة 1 | F2: سنة 2 | G2: سنة 3 | H2: سنة 4 | I2: سنة 5 | J2: سنة 1 | K2: سنة 2 | L2: سنة 3 | M2: سنة 4 | N2: سنة 1 | O2: سنة 2 | P2: سنة 3
A3: بلحواجب | B3: ابتدائية المجاهد براهيمي عبد القادر بلخضر | C3: p | D3: 30 | E3: 121 | F3: 160 | G3: 158 | H3: 152 | I3: 138 | Q3: =SUM(D3:P3) -> 759
B4: ابتدائية المجاهد لباز سعيد -حاشي معمر- | C4: p | D4: 33 | E4: 153 | F4: 206 | G4: 228 | H4: 207 | I4: 176 | Q4: =SUM(D4:P4) -> 1003
B5: ابتدائية صادقي الصادق | C5: p | D5: 26 | E5: 134 | F5: 40 | G5: 236 | H5: 36 | I5: 36 | Q5: =SUM(D5:P5) -> 508
B6: ابتدائية بن عطية سي بن محمد | C6: p | D6: 25 | E6: 112 | F6: 112 | G6: 102 | H6: 110 | I6: 99 | Q6: =SUM(D6:P6) -> 560
B7: ابتدائية الشهيد بايرش بلقاسم حي البساتين | C7: p | D7: 24 | E7: 63 | F7: 90 | G7: 67 | H7: 75 | I7: 68 | Q7: =SUM(D7:P7) -> 387
B8: ابتدائية بوشنافة مريم | C8: p | D8: 27 | E8: 76 | F8: 68 | G8: 58 | H8: 79 | I8: 84 | Q8: =SUM(D8:P8) -> 392
B9: ابتدائية دلاعة عطية | C9: p | D9: 27 | E9: 67 | F9: 121 | G9: 74 | H9: 80 | I9: 76 | Q9: =SUM(D9:P9) -> 445
B10: ابتدائية العايب الطاهر | C10: p | D10: 26 | E10: 67 | F10: 59 | G10: 54 | H10: 48 | I10: 51 | Q10: =SUM(D10:P10) -> 305
B11: ابتدائية الشهيد القيزي عبد الحميد | C11: p | D11: 25 | E11: 172 | F11: 196 | G11: 189 | H11: 201 | I11: 195 | Q11: =SUM(D11:P11) -> 978
B12: ابتدائية زناتي المخلط | C12: p | D12: 24 | E12: 60 | F12: 94 | G12: 64 | H12: 83 | I12: 85 | Q12: =SUM(D12:P12) -> 410
B13: ابتدائية زريعة عبد القادر | C13: p | D13: 20 | E13: 67 | F13: 79 | G13: 77 | H13: 90 | I13: 83 | Q13: =SUM(D13:P13) -> 416
B14: ابتدائية بخاري عبد القادر | C14: p | D14: 30 | E14: 36 | F14: 46 | G14: 51 | H14: 46 | I14: 56 | Q14: =SUM(D14:P14) -> 265
B15: متوسطة الإمام البخاري | C15: m | J15: 150 | K15: 178 | L15: 174 | M15: 171 | Q15: =SUM(D15:P15) -> 673
B16: متوسطة الخنساء | C16: m | J16: 107 | K16: 195 | L16: 151 | M16: 174 | Q16: =SUM(D16:P16) -> 627
B17: متوسطة بلحواجب احمد | C17: m | J17: 156 | K17: 194 | L17: 171 | M17: 180 | Q17: =SUM(D17:P17) -> 701
B18: متوسطة الشهيد خذيري المختار | C18: m | J18: 460 | K18: 396 | L18: 354 | M18: 302 | Q18: =SUM(D18:P18) -> 1512
B19: ثانوية ابن خلدون - الجلفة | C19: s | N19: 317 | O19: 248 | P19: 312 | Q19: =SUM(D19:P19) -> 877
B20: ثانوية المجاهد نوراني مصطفى - الجلفة | C20: s | N20: 302 | O20: 197 | P20: 206 | Q20: =SUM(D20:P20) -> 705
A21: المجموع | D21: =SUM(D3:D20) -> 317 | E21: =SUM(E3:E20) -> 1128 | F21: =SUM(F3:F20) -> 1271 | G21: =SUM(G3:G20) -> 1358 | H21: =SUM(H3:H20) -> 1207 | I21: =SUM(I3:I20) -> 1147 | J21: =SUM(J3:J20) -> 873 | K21: =SUM(K3:K20) -> 963 | ... Q21: =SUM(Q3:Q20) -> 11523

Sheet el kotb
A1: وحدة الكشف | B1: المؤسسة التعليمية | D1: ابتدائي | J1: متوسط | N1: ثانوي | Q1: مجموع تعداد المؤسسة
D2: تحضيري | E2: سنة 1 | F2: سنة 2 | G2: سنة 3 | H2: سنة 4 | I2: سنة 5 | J2: سنة 1 | K2: سنة 2 | L2: سنة 3 | M2: سنة 4 | N2: سنة 1 | O2: سنة 2 | P2: سنة 3
A3: القطب بربيح | B3: ابتدائية حرفوش عيسى (مج ج بربيح 01) | C3: p | D3: 66 | E3: 112 | F3: 148 | G3: 134 | H3: 162 | I3: 150 | Q3: =SUM(D3:P3) -> 772
B4: ابتدائية الجديدة القطب الحضري بربيح م 27 | C4: p | D4: 60 | E4: 113 | F4: 185 | G4: 188 | H4: 215 | I4: 155 | Q4: =SUM(D4:P4) -> 916
B5: ابتدائية المجاهد صيلع لخضر | C5: p | D5: 70 | E5: 75 | F5: 140 | G5: 87 | H5: 119 | I5: 106 | Q5: =SUM(D5:P5) -> 597
B6: ابتدائية الشهيد سعدون الطيب | C6: p | D6: 65 | E6: 72 | F6: 96 | G6: 103 | H6: 81 | I6: 60 | Q6: =SUM(D6:P6) -> 477
B7: ابتدائية المجاهد يعقوب لخضر (الموقع 16) | C7: p | D7: 66 | E7: 93 | F7: 60 | G7: 45 | H7: 46 | I7: 48 | Q7: =SUM(D7:P7) -> 358
B8: ابتدائية المجاهد نوي مصطفى ( مج ج بربيح 02) | C8: p | D8: 68 | E8: 148 | F8: 196 | G8: 154 | H8: 166 | I8: 144 | Q8: =SUM(D8:P8) -> 876
B9: ابتدائية الشهيدة روام فطوم (نوع د بموقع 01 بـ 8750 مسكن ) | C9: p | D9: 64 | E9: 80 | F9: 65 | G9: 62 | H9: 64 | I9: 51 | Q9: =SUM(D9:P9) -> 386
B10: ابتدائية ابتدائية المجاهد بلقرع بوعمرة | C10: p | D10: 70 | E10: 111 | F10: 134 | G10: 106 | H10: 158 | I10: 164 | Q10: =SUM(D10:P10) -> 743
B11: ابتدائية المجاهد قدقاد الخذير (القطب الحضري هواري بومدين مخطط شغل الا | C11: p | D11: 72 | E11: 110 | F11: 125 | G11: 88 | H11: 116 | I11: 83 | Q11: =SUM(D11:P11) -> 594
B12: ابتدائية المجاهد رضا محمد( نوع د بموقع 02 بـ 8750 مسكن بالقطب) | C12: p | D12: 55 | E12: 115 | F12: 77 | G12: 47 | H12: 46 | I12: 53 | Q12: =SUM(D12:P12) -> 393
B13: متوسطة الشهيد رقيق أحمد بن سعد | C13: m | J13: 416 | K13: 345 | L13: 324 | M13: 301 | Q13: =SUM(D13:P13) -> 1386
B14: متوسطة الشهيد جرعوب بن ثامر | C14: m | J14: 545 | K14: 347 | L14: 293 | M14: 206 | Q14: =SUM(D14:P14) -> 1391
B15: متوسطة المجاهد قليشة مصطفى | C15: m | J15: 254 | K15: 231 | L15: 180 | M15: 169 | Q15: =SUM(D15:P15) -> 834
B16: متوسطة المجاهد بن شريك عبد الرحمان بن أحمد | C16: m | J16: 82 | K16: 79 | L16: 51 | M16: 43 | Q16: =SUM(D16:P16) -> 255
B17: ثانوية المجاهد ونوقي معمر - الجلفة | C17: s | N17: 133 | O17: 152 | P17: 122 | Q17: =SUM(D17:P17) -> 407
B18: ثانوية المجاهد فضة عبد القادر( القطب الحضري بربيح ) - الجلفة | C18: s | N18: 85 | O18: 68 | P18: 149 | Q18: =SUM(D18:P18) -> 302
B19: ثانوية الشهيد قشام محمد - الجلفة | C19: s | N19: 228 | O19: 147 | P19: 76 | Q19: =SUM(D19:P19) -> 451
A20: المجموع | D20: =SUM(D3:D19) -> 656 | E20: =SUM(E3:E19) -> 1029 | F20: =SUM(F3:F19) -> 1226 | G20: =SUM(G3:G19) -> 1014 | H20: =SUM(H3:H19) -> 1173 | I20: =SUM(I3:I19) -> 1014 | J20: =SUM(J3:J19) -> 1297 | K20: =SUM(K3:K19) -> 1002 | ... Q20: =SUM(Q3:Q19) -> 11138

Sheet idrissia
A1: وحدة الكشف | B1: المؤسسة التعليمية | D1: ابتدائي | J1: متوسط | N1: ثانوي | Q1: مجموع تعداد المؤسسة
D2: تحضيري | E2: سنة 1 | F2: سنة 2 | G2: سنة 3 | H2: سنة 4 | I2: سنة 5 | J2: سنة 1 | K2: سنة 2 | L2: سنة 3 | M2: سنة 4 | N2: سنة 1 | O2: سنة 2 | P2: سنة 3
A3: بن عمران ثامر - الإدريسية | B3: ابتدائية الشيخ بوعمامة | C3: p | D3: 35 | E3: 62 | F3: 81 | G3: 72 | H3: 74 | I3: 53 | Q3: =SUM(D3:P3) -> 377
B4: ابتدائية بن بوزيد محمد | C4: p | D4: 40 | E4: 65 | F4: 120 | G4: 97 | H4: 116 | I4: 61 | Q4: =SUM(D4:P4) -> 499
B5: ابتدائية بن قريقة قويدر -مج ج حي زعيتري- | C5: p | D5: 43 | E5: 37 | F5: 51 | G5: 43 | H5: 31 | I5: 40 | Q5: =SUM(D5:P5) -> 245
B6: ابتدائية بيدة جمال | C6: p | D6: 42 | E6: 65 | F6: 63 | G6: 79 | H6: 62 | I6: 72 | Q6: =SUM(D6:P6) -> 383
B7: ابتدائية حنيشي زبير | C7: p | D7: 33 | E7: 11 | F7: 10 | G7: 14 | H7: 7 | I7: 14 | Q7: =SUM(D7:P7) -> 89
B8: ابتدائية حنيشي قويدر -المجمع ب1- | C8: p | D8: 36 | E8: 62 | F8: 69 | G8: 49 | H8: 77 | I8: 46 | Q8: =SUM(D8:P8) -> 339
B9: ابتدائية خالدي مخلوف | C9: p | D9: 34 | E9: 57 | F9: 68 | G9: 56 | H9: 66 | I9: 63 | Q9: =SUM(D9:P9) -> 344
B10: ابتدائية خضراوي بن سعد | C10: p | D10: 32 | E10: 14 | F10: 28 | G10: 15 | H10: 21 | I10: 19 | Q10: =SUM(D10:P10) -> 129
B11: ابتدائية زعيتري بوبكر | C11: p | D11: 32 | E11: 75 | F11: 178 | G11: 133 | H11: 117 | I11: 113 | Q11: =SUM(D11:P11) -> 648
B12: ابتدائية زفزافي بوبكر | C12: p | D12: 36 | E12: 60 | F12: 81 | G12: 70 | H12: 113 | I12: 65 | Q12: =SUM(D12:P12) -> 425
B13: ابتدائية شاتي ميلود | C13: p | D13: 40 | E13: 62 | F13: 67 | G13: 81 | H13: 71 | I13: 76 | Q13: =SUM(D13:P13) -> 397
B14: ابتدائية شرفاوي عبد الله | C14: p | D14: 30 | E14: 58 | F14: 82 | G14: 84 | H14: 63 | I14: 58 | Q14: =SUM(D14:P14) -> 375
B15: ابتدائية شكال بشير | C15: p | D15: 30 | E15: 2 | F15: 1 | G15: 1 | H15: 1 | I15: 0 | Q15: =SUM(D15:P15) -> 35
... B17: ابتدائية قوادري امحمد - النهضة- | C17: p | D17: 29 | E17: 93 | F17: 151 | G17: 111 | H17: 100 | I17: 93 | Q17: =SUM(D17:P17) -> 577
B18: متوسطة طاهري عبدالقادر | C18: m | J18: 232 | K18: 166 | L18: 134 | M18: 147 | Q18: =SUM(D18:P18) -> 679
B19: متوسطة طارق بن زياد | C19: m | J19: 244 | K19: 202 | L19: 224 | M19: 188 | Q19: =SUM(D19:P19) -> 858
B20: متوسطة بن بوزيد عمار | C20: m | J20: 195 | K20: 190 | L20: 157 | M20: 161 | Q20: =SUM(D20:P20) -> 703
B21: متوسطة القطب الحضري (ناجمة عن تحويل مدرسة ابتدائية) | C21: m | J21: 147 | K21: 157 | L21: 57 | M21: 54 | Q21: =SUM(D21:P21) -> 415
B22: متوسطة الشهيد قوادري بوبكر | C22: m | J22: 202 | K22: 114 | L22: 127 | M22: 149 | Q22: =SUM(D22:P22) -> 592
B23: ثانوية بن عمران ثامر - الادريسية | C23: s | N23: 124 | O23: 204 | P23: 201 | Q23: =SUM(D23:P23) -> 529
B24: ثانوية عبد المؤمن بن علي - الادريسية | C24: s | N24: 134 | O24: 112 | P24: 121 | Q24: =SUM(D24:P24) -> 367
B25: ثانوية الشهيد زاغز جلول - الادريسية | C25: s | N25: 179 | O25: 150 | P25: 186 | Q25: =SUM(D25:P25) -> 515
A26: المجموع | D26: =SUM(D3:D25) -> 521 | E26: =SUM(E3:E25) -> 760 | F26: =SUM(F3:F25) -> 1120 | G26: =SUM(G3:G25) -> 968 | H26: =SUM(H3:H25) -> 1002 | I26: =SUM(I3:I25) -> 826 | J26: =SUM(J3:J25) -> 1020 | K26: =SUM(K3:K25) -> 829 | ... Q26: =SUM(Q3:Q25) -> 9855

Sheet charef
A1: وحدة الكشف | B1: المؤسسة التعليمية | D1: ابتدائي | J1: متوسط | N1: ثانوي | Q1: مجموع تعداد المؤسسة
D2: تحضيري | E2: سنة 1 | F2: سنة 2 | G2: سنة 3 | H2: سنة 4 | I2: سنة 5 | J2: سنة 1 | K2: سنة 2 | L2: سنة 3 | M2: سنة 4 | N2: سنة 1 | O2: سنة 2 | P2: سنة 3
A3: حيرش عبد العزيز - الشارف | B3: ابتدائية أول نوفمبر | C3: p | D3: 50 | E3: 41 | F3: 71 | G3: 71 | H3: 61 | I3: 58 | Q3: =SUM(D3:P3) -> 352
B4: ابتدائية اخضري مسعود | C4: p | D4: 53 | E4: 40 | F4: 63 | G4: 61 | H4: 56 | I4: 64 | Q4: =SUM(D4:P4) -> 337
B5: ابتدائية الشهيد بلقصة بوجمعة | C5: p | D5: 42 | E5: 33 | F5: 68 | G5: 49 | H5: 45 | I5: 42 | Q5: =SUM(D5:P5) -> 279
B6: ابتدائية الشهيد طهراوي قريبي (م- بوذيب) | C6: p | D6: 50 | E6: 1 | F6: 4 | G6: 4 | H6: 5 | I6: 3 | Q6: =SUM(D6:P6) -> 67
B7: ابتدائية الشهيد عليوات عبد القادر ( حاسي الخنق ) | C7: p | D7: 44 | E7: 2 | F7: 7 | G7: 2 | H7: 8 | I7: 10 | Q7: =SUM(D7:P7) -> 73
B8: ابتدائية الشهيد مادني ابراهيم | C8: p | D8: 56 | E8: 5 | F8: 2 | G8: 6 | H8: 6 | I8: 4 | Q8: =SUM(D8:P8) -> 79
B9: ابتدائية العايبي عبدالقادر | C9: p | D9: 43 | E9: 20 | F9: 16 | G9: 30 | H9: 29 | I9: 28 | Q9: =SUM(D9:P9) -> 166
B10: ابتدائية اللويبد الشارف | C10: p | D10: 50 | F10: 11 | G10: 2 | H10: 3 | I10: 1 | Q10: =SUM(D10:P10) -> 67
B11: ابتدائية المجاهد بن العايب مخلوف (وسط المدينة) | C11: p | D11: 20 | E11: 44 | F11: 72 | G11: 70 | H11: 62 | I11: 80 | Q11: =SUM(D11:P11) -> 348
B12: ابتدائية المجمع الجديد الحجرية | C12: p | E12: 35 | F12: 56 | G12: 42 | H12: 50 | I12: 46 | Q12: =SUM(D12:P12) -> 229
B13: ابتدائية الناجمة عن تحويل محلات حي الفتح | C13: p | E13: 39 | F13: 26 | G13: 17 | H13: 35 | I13: 27 | Q13: =SUM(D13:P13) -> 144
B14: ابتدائية تاوزارة | C14: p | E14: 16 | F14: 19 | G14: 19 | H14: 18 | I14: 19 | Q14: =SUM(D14:P14) -> 91
B15: ابتدائية جعفر محمد الجنوبية | C15: p | E15: 17 | F15: 13 | G15: 19 | H15: 24 | I15: 18 | Q15: =SUM(D15:P15) -> 91
B16: ابتدائية جعفر محمد الشمالية | C16: p | E16: 15 | F16: 34 | G16: 28 | H16: 28 | I16: 22 | Q16: =SUM(D16:P16) -> 127
B17: ابتدائية جودي مخلوف | C17: p | E17: 62 | F17: 66 | G17: 64 | H17: 50 | I17: 66 | Q17: =SUM(D17:P17) -> 308
B18: ابتدائية عين الحجر | C18: p | E18: 55 | F18: 7 | G18: 4 | H18: 1 | I18: 2 | Q18: =SUM(D18:P18) -> 69
B19: ابتدائية فيرم عبد النبي | C19: p | E19: 46 | F19: 75 | G19: 67 | H19: 71 | I19: 51 | Q19: =SUM(D19:P19) -> 310
B20: ابتدائية فيرم يحيى ( الحمام ) | C20: p | E20: 35 | F20: 6 | G20: 2 | H20: 12 | I20: 6 | Q20: =SUM(D20:P20) -> 61
B21: ابتدائية مقدم المختار ( الوئام ) | C21: p | E21: 34 | F21: 37 | G21: 29 | H21: 46 | I21: 27 | Q21: =SUM(D21:P21) -> 173
B22: ابتدائية منادي عيسى | C22: p | E22: 20 | F22: 22 | G22: 13 | H22: 29 | I22: 20 | Q22: =SUM(D22:P22) -> 104
B23: متوسطة سيدي عبد العزيز الحاج | C23: m | J23: 246 | K23: 194 | L23: 178 | M23: 207 | Q23: =SUM(D23:P23) -> 825
B24: متوسطة حيرش عبد العزيز | C24: m | J24: 244 | K24: 202 | L24: 167 | M24: 139 | Q24: =SUM(D24:P24) -> 752
B25: متوسطة الشهيد مقدم سعد | C25: m | J25: 183 | K25: 164 | L25: 165 | M25: 156 | Q25: =SUM(D25:P25) -> 668
B26: ثانوية البشير الابراهيمي - الشارف | C26: s | N26: 134 | O26: 131 | P26: 154 | Q26: =SUM(D26:P26) -> 419
B27: ثانوية باقي الطيب - الشارف | C27: s | N27: 179 | O27: 126 | P27: 182 | Q27: =SUM(D27:P27) -> 487
A28: المجموع | D28: =SUM(D3:D27) -> 408 | E28: =SUM(E3:E27) -> 560 | F28: =SUM(F3:F27) -> 675 | G28: =SUM(G3:G27) -> 599 | H28: =SUM(H3:H27) -> 639 | I28: =SUM(I3:I27) -> 594 | J28: =SUM(J3:J27) -> 673 | K28: =SUM(K3:K27) -> 560 | ... Q28: =SUM(Q3:Q27) -> 6626

Sheet guedid
A1: وحدة الكشف | B1: المؤسسة التعليمية | D1: ابتدائي | J1: متوسط | N1: ثانوي | Q1: مجموع تعداد المؤسسة
D2: تحضيري | E2: سنة 1 | F2: سنة 2 | G2: سنة 3 | H2: سنة 4 | I2: سنة 5 | J2: سنة 1 | K2: سنة 2 | L2: سنة 3 | M2: سنة 4 | N2: سنة 1 | O2: سنة 2 | P2: سنة 3
A3: القديد | B3: ابتدائية الأمير عبد القادر بالقديد | C3: p | D3: 40 | E3: 60 | F3: 77 | G3: 78 | H3: 73 | I3: 70 | Q3: =SUM(D3:P3) -> 398
B4: ابتدائية المجاهد قصار ثامر | C4: p | D4: 27 | E4: 49 | F4: 76 | G4: 68 | H4: 71 | I4: 52 | Q4: =SUM(D4:P4) -> 343
B5: ابتدائية المجمع المدرسي ب1 أم الشقاق | C5: p | D5: 30 | E5: 43 | F5: 52 | G5: 51 | H5: 64 | I5: 35 | Q5: =SUM(D5:P5) -> 275
B6: ابتدائية بن عمران قدور -المجمع الجديد 1- | C6: p | D6: 31 | E6: 62 | F6: 118 | G6: 90 | H6: 88 | I6: 61 | Q6: =SUM(D6:P6) -> 450
B7: ابتدائية ثامر بن عمران | C7: p | D7: 33 | E7: 67 | F7: 86 | G7: 68 | H7: 88 | I7: 74 | Q7: =SUM(D7:P7) -> 416
B8: ابتدائية عيساوي بلحاج ( أم الشقاق ) | C8: p | D8: 36 | E8: 65 | F8: 103 | G8: 91 | H8: 74 | I8: 58 | Q8: =SUM(D8:P8) -> 427
B9: ابتدائية محمد بوضياف | C9: p | E9: 57 | F9: 116 | G9: 95 | H9: 92 | I9: 86 | Q9: =SUM(D9:P9) -> 446
B10: ابتدائية منطقة الشايفة | C10: p | E10: 13 | F10: 16 | G10: 22 | H10: 5 | Q10: =SUM(D10:P10) -> 56
B11: ابتدائية منطقة حاسي مساعدية | C11: p | E11: 23 | F11: 11 | G11: 7 | H11: 7 | I11: 3 | Q11: =SUM(D11:P11) -> 51
B12: ابتدائية هواري بومدين | C12: p | E12: 57 | F12: 106 | G12: 58 | H12: 70 | I12: 70 | Q12: =SUM(D12:P12) -> 361
B13: متوسطة عيساوي عبد الرحيم ( أم الشقاق ) | C13: m | J13: 132 | K13: 95 | L13: 61 | M13: 83 | Q13: =SUM(D13:P13) -> 371
B14: متوسطة عبد الحميد بن باديس | C14: m | J14: 170 | K14: 130 | L14: 113 | M14: 86 | Q14: =SUM(D14:P14) -> 499
B15: متوسطة المجاهد بن لحرش شريف | C15: m | J15: 173 | K15: 112 | L15: 108 | M15: 65 | Q15: =SUM(D15:P15) -> 458
B16: متوسطة المجاهد أحميدات الأخضر براهيم | C16: m | J16: 131 | K16: 119 | L16: 114 | M16: 113 | Q16: =SUM(D16:P16) -> 477
B17: ثانوية الشهيد طيبي مسعود - القديد | C17: s | N17: 259 | O17: 236 | P17: 170 | Q17: =SUM(D17:P17) -> 665
A18: المجموع | D18: =SUM(D3:D17) -> 197 | E18: =SUM(E3:E17) -> 496 | F18: =SUM(F3:F17) -> 761 | G18: =SUM(G3:G17) -> 628 | H18: =SUM(H3:H17) -> 632 | I18: =SUM(I3:I17) -> 509 | J18: =SUM(J3:J17) -> 606 | K18: =SUM(K3:K17) -> 456 | ... Q18: =SUM(Q3:Q17) -> 5693

Sheet ben yaagoub
A1: وحدة الكشف | B1: المؤسسة التعليمية | D1: ابتدائي | J1: متوسط | N1: ثانوي | Q1: مجموع تعداد المؤسسة
D2: تحضيري | E2: سنة 1 | F2: سنة 2 | G2: سنة 3 | H2: سنة 4 | I2: سنة 5 | J2: سنة 1 | K2: سنة 2 | L2: سنة 3 | M2: سنة 4 | N2: سنة 1 | O2: سنة 2 | P2: سنة 3
A3: بن يعقوب | B3: ابتدائية الشهيد سعدي بلقاسم ( المجمع ب ) | C3: p | D3: 0 | E3: 7 | F3: 20 | G3: 25 | H3: 21 | I3: 10 | Q3: =SUM(D3:P3) -> 83
B4: ابتدائية المجاهد لبنة محمد ( فكيرين ) | C4: p | D4: 0 | E4: 18 | F4: 19 | G4: 27 | H4: 15 | I4: 16 | Q4: =SUM(D4:P4) -> 95
B5: ابتدائية بن سليمان عبد القادر | C5: p | D5: 0 | E5: 29 | F5: 34 | G5: 31 | H5: 39 | I5: 21 | Q5: =SUM(D5:P5) -> 154
B6: ابتدائية مدرسة إبتدائية نوع أ منطقة الجعران | C6: p | D6: 0 | E6: 5 | F6: 10 | G6: 13 | H6: 15 | I6: 9 | Q6: =SUM(D6:P6) -> 52
B7: ابتدائية نمط ب1 حي شتوح عمر | C7: p | D7: 0 | E7: 20 | F7: 41 | G7: 23 | H7: 19 | I7: 35 | Q7: =SUM(D7:P7) -> 138
B8: متوسطة المجاهد مسعودي محمد | C8: m | J8: 116 | K8: 86 | L8: 77 | M8: 72 | Q8: =SUM(D8:P8) -> 351
B9: ثانوية المجاهد سعيدي بولرباح - بني يعقوب | C9: s | N9: 35 | O9: 48 | P9: 57 | Q9: =SUM(D9:P9) -> 140
A10: المجموع | D10: =SUM(D3:D9) -> 0 | E10: =SUM(E3:E9) -> 79 | F10: =SUM(F3:F9) -> 124 | G10: =SUM(G3:G9) -> 119 | H10: =SUM(H3:H9) -> 109 | I10: =SUM(I3:I9) -> 91 | J10: =SUM(J3:J9) -> 116 | K10: =SUM(K3:K9) -> 86 | ... Q10: =SUM(Q3:Q9) -> 1013

Sheet douis
A1: وحدة الكشف | B1: المؤسسة التعليمية | D1: ابتدائي | J1: متوسط | N1: ثانوي | Q1: مجموع تعداد المؤسسة
D2: تحضيري | E2: سنة 1 | F2: سنة 2 | G2: سنة 3 | H2: سنة 4 | I2: سنة 5 | J2: سنة 1 | K2: سنة 2 | L2: سنة 3 | M2: سنة 4 | N2: سنة 1 | O2: سنة 2 | P2: سنة 3
A3: الدويس | B3: ابتدائية ابتدائية نمط 2 حي محمد شعباني | C3: p | D3: 0 | E3: 10 | F3: 7 | G3: 5 | H3: 6 | I3: 2 | Q3: =SUM(D3:P3) -> 30
B4: ابتدائية بن شتوح أحمد ( المجمع الجديد أ) | C4: p | D4: 0 | E4: 71 | F4: 89 | G4: 77 | H4: 81 | I4: 58 | Q4: =SUM(D4:P4) -> 376
B5: ابتدائية رابحي عبدالرحمن | C5: p | D5: 0 | E5: 24 | F5: 50 | G5: 53 | H5: 55 | I5: 54 | Q5: =SUM(D5:P5) -> 236
B6: ابتدائية علاوة التواتي | C6: p | D6: 0 | E6: 45 | F6: 36 | G6: 33 | H6: 23 | I6: 31 | Q6: =SUM(D6:P6) -> 168
B7: ابتدائية عيداوي المسعود | C7: p | D7: 0 | E7: 57 | F7: 78 | G7: 61 | H7: 72 | I7: 57 | Q7: =SUM(D7:P7) -> 325
B8: متوسطة رابحي بن داود | C8: m | J8: 241 | K8: 174 | L8: 176 | M8: 131 | Q8: =SUM(D8:P8) -> 722
B9: ثانوية المجاهد شتوحي سالم - دويس | C9: s | N9: 86 | O9: 65 | P9: 81 | Q9: =SUM(D9:P9) -> 232
A10: المجموع | D10: =SUM(D3:D9) -> 0 | E10: =SUM(E3:E9) -> 207 | F10: =SUM(F3:F9) -> 260 | G10: =SUM(G3:G9) -> 229 | H10: =SUM(H3:H9) -> 237 | I10: =SUM(I3:I9) -> 202 | J10: =SUM(J3:J9) -> 241 | K10: =SUM(K3:K9) -> 174 | ... Q10: =SUM(Q3:Q9) -> 2089

Sheet ain chouhadda
A1: وحدة الكشف | B1: المؤسسة التعليمية | D1: ابتدائي | J1: متوسط | N1: ثانوي | Q1: مجموع تعداد المؤسسة
D2: تحضيري | E2: سنة 1 | F2: سنة 2 | G2: سنة 3 | H2: سنة 4 | I2: سنة 5 | J2: سنة 1 | K2: سنة 2 | L2: سنة 3 | M2: سنة 4 | N2: سنة 1 | O2: سنة 2 | P2: سنة 3
A3: عين الشهداء | B3: ابتدائية ابتدائية بمنطقة مريرس | C3: p | D3: 0 | E3: 3 | F3: 4 | G3: 7 | I3: 4 | Q3: =SUM(D3:P3) -> 18
B4: ابتدائية الشهيد حنيش محمد بن مسعود | C4: p | D4: 0 | E4: 27 | F4: 35 | G4: 24 | H4: 33 | I4: 31 | Q4: =SUM(D4:P4) -> 150
B5: ابتدائية خضرون مازوز | C5: p | D5: 0 | E5: 9 | F5: 26 | G5: 11 | H5: 17 | I5: 16 | Q5: =SUM(D5:P5) -> 79
B6: ابتدائية زحزاح موسى -مج ج(أ1)- | C6: p | D6: 0 | E6: 27 | F6: 29 | G6: 33 | H6: 26 | I6: 29 | Q6: =SUM(D6:P6) -> 144
B7: ابتدائية قناني بن سليم | C7: p | D7: 0 | E7: 10 | F7: 23 | G7: 8 | H7: 12 | I7: 20 | Q7: =SUM(D7:P7) -> 73
B8: متوسطة عين الشهداء | C8: m | J8: 87 | K8: 79 | L8: 80 | M8: 94 | Q8: =SUM(D8:P8) -> 340
A9: المجموع | D9: =SUM(D3:D8) -> 0 | E9: =SUM(E3:E8) -> 76 | F9: =SUM(F3:F8) -> 117 | G9: =SUM(G3:G8) -> 83 | H9: =SUM(H3:H8) -> 88 | I9: =SUM(I3:I8) -> 100 | J9: =SUM(J3:J8) -> 87 | K9: =SUM(K3:K8) -> 79 | ... Q9: =SUM(Q3:Q8) -> 804
